<botcomponent_workflowset>
  <botcomponent_workflow botcomponentid.schemaname="cra81_bot1CE8zAF.topic.Fallback" workflowid.workflowid="6a259bec-2d65-ee11-9ae7-6045bd0a23d5">
    <iscustomizable>1</iscustomizable>
  </botcomponent_workflow>
  <botcomponent_workflow botcomponentid.schemaname="cra81_bot1CE8zAF.topic.Fallback" workflowid.workflowid="71cc291d-e164-ee11-9ae7-6045bd0a23d5">
    <iscustomizable>1</iscustomizable>
  </botcomponent_workflow>
  <botcomponent_workflow botcomponentid.schemaname="cra81_bot1CE8zAF.topic.Sinttulo" workflowid.workflowid="71cc291d-e164-ee11-9ae7-6045bd0a23d5">
    <iscustomizable>1</iscustomizable>
  </botcomponent_workflow>
</botcomponent_workflowset>