<bot schemaname="cra81_bot1CE8zAF">
  <authenticationmode>1</authenticationmode>
  <authenticationtrigger>0</authenticationtrigger>
  <iscustomizable>0</iscustomizable>
  <language>1034</language>
  <name>Bonu</name>
  <runtimeprovider>0</runtimeprovider>
  <synchronizationstatus>{
  "contentVersion": 2,
  "lastFinishedPublishOperation": {
    "userId": "8809e97a-9cb1-418d-b1da-659a5162a5a6",
    "operationStart": "2023-10-07T17:20:43.0928407Z",
    "operationEnd": "2023-10-07T17:20:46.7752525Z",
    "status": "Succeeded"
  },
  "lastPublishedUserId": "8809e97a-9cb1-418d-b1da-659a5162a5a6",
  "lastPublishedOnUtc": "2023-10-07T17:20:45Z",
  "currentSynchronizationState": {
    "botRegistration": {
      "applicationId": "a5272053-dde4-4c6d-b904-68b1caf35fb7",
      "isAppAvailableInTenant": true
    },
    "provisioningStatus": "Provisioned",
    "state": "Synchronized"
  },
  "lastSynchronizedOnUtc": "2023-10-07T17:22:58.1746106Z"
}</synchronizationstatus>
  <template>default-2.0.1</template>
  <timezoneruleversionnumber>4</timezoneruleversionnumber>
</bot>