<botcomponent schemaname="cra81_bot1CE8zAF.topic.Escalate">
  <componenttype>9</componenttype>
  <description>Este tema del sistema se desencadena cuando el usuario indica que desea hablar con un agente humano.
Puede configurar cómo gestionará el bot los escenarios de transferencia a un agente humano en la configuración del bot.
Si el bot no gestiona las escalaciones, se debe deshabilitar este tema.</description>
  <iscustomizable>0</iscustomizable>
  <name>Remitir a un superior</name>
  <parentbotid>
    <schemaname>cra81_bot1CE8zAF</schemaname>
  </parentbotid>
  <statecode>0</statecode>
  <statuscode>1</statuscode>
</botcomponent>