<botcomponent schemaname="cra81_bot1CE8zAF.topic.OnError">
  <componenttype>9</componenttype>
  <description>Este tema del sistema se desencadena cuando el bot encuentra un error. Cuando se utiliza el panel de chat de prueba, se muestra la descripción completa del error.</description>
  <iscustomizable>0</iscustomizable>
  <name>Al producirse un error</name>
  <parentbotid>
    <schemaname>cra81_bot1CE8zAF</schemaname>
  </parentbotid>
  <statecode>0</statecode>
  <statuscode>1</statuscode>
</botcomponent>